{"_id":{"$oid":"5aa995a3b97194b732c167ab"},"edited":{"$date":"2014-12-20T21:17:56.891Z"},"name":"Luke Skywalker","created":{"$date":"2014-12-09T13:50:51.644Z"},"gender":"male","skin_color":"fair","hair_color":"blond","height":172,"eye_color":"blue","birth_year":"19BBY","key":1,"__v":0,"homeworld_key":1,"homeworld":{"$oid":"5aa995d3b97194b732c1680c"}}
{"_id":{"$oid":"5aa995a3b97194b732c167af"},"edited":{"$date":"2014-12-20T21:17:50.330Z"},"name":"Wilhuff Tarkin","created":{"$date":"2014-12-10T16:26:56.138Z"},"gender":"male","skin_color":"fair","hair_color":"auburn, grey","height":180,"eye_color":"blue","birth_year":"64BBY","key":12,"__v":0,"homeworld_key":21,"homeworld":{"$oid":"5aa995d3b97194b732c1681f"}}
{"_id":{"$oid":"5aa995a3b97194b732c167b0"},"edited":{"$date":"2014-12-20T21:17:50.313Z"},"name":"Darth Vader","created":{"$date":"2014-12-10T15:18:20.704Z"},"gender":"male","skin_color":"white","hair_color":"none","height":202,"eye_color":"yellow","birth_year":"41.9BBY","key":4,"__v":0,"homeworld_key":1,"homeworld":{"$oid":"5aa995d3b97194b732c1680c"}}
{"_id":{"$oid":"5aa995a3b97194b732c167b3"},"edited":{"$date":"2014-12-20T21:17:50.332Z"},"name":"Chewbacca","created":{"$date":"2014-12-10T16:42:45.066Z"},"gender":"male","skin_color":"unknown","hair_color":"brown","height":228,"eye_color":"blue","birth_year":"200BBY","key":13,"__v":0,"homeworld_key":14,"homeworld":{"$oid":"5aa995d3b97194b732c16816"}}
{"_id":{"$oid":"5aa995a3b97194b732c167b1"},"edited":{"$date":"2014-12-20T21:17:50.323Z"},"name":"Biggs Darklighter","created":{"$date":"2014-12-10T15:59:50.509Z"},"gender":"male","skin_color":"light","hair_color":"black","height":183,"eye_color":"brown","birth_year":"24BBY","key":9,"__v":0,"homeworld_key":1,"homeworld":{"$oid":"5aa995d3b97194b732c1680c"}}
{"_id":{"$oid":"5aa995a3b97194b732c167b4"},"edited":{"$date":"2014-12-20T21:17:50.336Z"},"name":"Greedo","created":{"$date":"2014-12-10T17:03:30.334Z"},"gender":"male","skin_color":"green","hair_color":"n/a","height":173,"eye_color":"black","birth_year":"44BBY","key":15,"__v":0,"homeworld_key":23,"homeworld":{"$oid":"5aa995d3b97194b732c16821"}}
{"_id":{"$oid":"5aa995a3b97194b732c167b6"},"edited":{"$date":"2014-12-20T21:17:50.319Z"},"name":"Beru Whitesun lars","created":{"$date":"2014-12-10T15:53:41.121Z"},"gender":"female","skin_color":"light","hair_color":"brown","height":165,"eye_color":"blue","birth_year":"47BBY","key":7,"__v":0,"homeworld_key":1,"homeworld":{"$oid":"5aa995d3b97194b732c1680c"}}
{"_id":{"$oid":"5aa995a3b97194b732c167b5"},"edited":{"$date":"2014-12-20T21:17:50.338Z"},"name":"Jabba Desilijic Tiure","created":{"$date":"2014-12-10T17:11:31.638Z"},"gender":"hermaphrodite","skin_color":"green-tan, brown","hair_color":"n/a","height":175,"eye_color":"orange","birth_year":"600BBY","key":16,"__v":0,"homeworld_key":24,"homeworld":{"$oid":"5aa995d3b97194b732c16825"}}
{"_id":{"$oid":"5aa995a3b97194b732c167b9"},"edited":{"$date":"2014-12-20T21:17:50.317Z"},"name":"Owen Lars","created":{"$date":"2014-12-10T15:52:14.024Z"},"gender":"male","skin_color":"light","hair_color":"brown, grey","height":178,"eye_color":"blue","birth_year":"52BBY","key":6,"__v":0,"homeworld_key":1,"homeworld":{"$oid":"5aa995d3b97194b732c1680c"}}
{"_id":{"$oid":"5aa995a3b97194b732c167b7"},"edited":{"$date":"2014-12-20T21:17:50.341Z"},"name":"Wedge Antilles","created":{"$date":"2014-12-12T11:08:06.469Z"},"gender":"male","skin_color":"fair","hair_color":"brown","height":170,"eye_color":"hazel","birth_year":"21BBY","key":18,"__v":0,"homeworld_key":22,"homeworld":{"$oid":"5aa995d3b97194b732c16820"}}
{"_id":{"$oid":"5aa995a3b97194b732c167bb"},"edited":{"$date":"2014-12-20T21:17:50.347Z"},"name":"Palpatine","created":{"$date":"2014-12-15T12:48:05.971Z"},"gender":"male","skin_color":"pale","hair_color":"grey","height":170,"eye_color":"yellow","birth_year":"82BBY","key":21,"__v":0,"homeworld_key":8,"homeworld":{"$oid":"5aa995d3b97194b732c16810"}}
{"_id":{"$oid":"5aa995a3b97194b732c167bd"},"edited":{"$date":"2014-12-20T21:17:50.351Z"},"name":"IG-88","created":{"$date":"2014-12-15T12:51:10.076Z"},"gender":"none","skin_color":"metal","hair_color":"none","height":200,"eye_color":"red","birth_year":"15BBY","key":23,"__v":0,"homeworld_key":28,"homeworld":{"$oid":"5aa995d3b97194b732c16826"}}
{"_id":{"$oid":"5aa995a3b97194b732c167b8"},"edited":{"$date":"2014-12-20T21:17:50.315Z"},"name":"Leia Organa","created":{"$date":"2014-12-10T15:20:09.791Z"},"gender":"female","skin_color":"light","hair_color":"brown","height":150,"eye_color":"brown","birth_year":"19BBY","key":5,"__v":0,"homeworld_key":2,"homeworld":{"$oid":"5aa995d3b97194b732c1680b"}}
{"_id":{"$oid":"5aa995a3b97194b732c167be"},"edited":{"$date":"2014-12-20T21:17:50.355Z"},"name":"Bossk","created":{"$date":"2014-12-15T12:53:49.297Z"},"gender":"male","skin_color":"green","hair_color":"none","height":190,"eye_color":"red","birth_year":"53BBY","key":24,"__v":0,"homeworld_key":29,"homeworld":{"$oid":"5aa995d3b97194b732c1682b"}}
{"_id":{"$oid":"5aa995a3b97194b732c167ba"},"edited":{"$date":"2014-12-20T21:17:50.343Z"},"name":"Jek Tono Porkins","created":{"$date":"2014-12-12T11:16:56.569Z"},"gender":"male","skin_color":"fair","hair_color":"brown","height":180,"eye_color":"blue","birth_year":"unknown","key":19,"__v":0,"homeworld_key":26,"homeworld":{"$oid":"5aa995d3b97194b732c16822"}}
{"_id":{"$oid":"5aa995a3b97194b732c167bc"},"edited":{"$date":"2014-12-20T21:17:50.345Z"},"name":"Yoda","created":{"$date":"2014-12-15T12:26:01.042Z"},"gender":"male","skin_color":"green","hair_color":"white","height":66,"eye_color":"brown","birth_year":"896BBY","key":20,"__v":0,"homeworld_key":28,"homeworld":{"$oid":"5aa995d3b97194b732c16826"}}
{"_id":{"$oid":"5aa995a3b97194b732c167c0"},"edited":{"$date":"2014-12-20T21:17:50.357Z"},"name":"Lando Calrissian","created":{"$date":"2014-12-15T12:56:32.683Z"},"gender":"male","skin_color":"dark","hair_color":"black","height":177,"eye_color":"brown","birth_year":"31BBY","key":25,"__v":0,"homeworld_key":30,"homeworld":{"$oid":"5aa995d3b97194b732c16827"}}
{"_id":{"$oid":"5aa995a3b97194b732c167bf"},"edited":{"$date":"2014-12-20T21:17:50.349Z"},"name":"Boba Fett","created":{"$date":"2014-12-15T12:49:32.457Z"},"gender":"male","skin_color":"fair","hair_color":"black","height":183,"eye_color":"brown","birth_year":"31.5BBY","key":22,"__v":0,"homeworld_key":10,"homeworld":{"$oid":"5aa995d3b97194b732c16819"}}
{"_id":{"$oid":"5aa995a3b97194b732c167c1"},"edited":{"$date":"2014-12-20T21:17:50.362Z"},"name":"Ackbar","created":{"$date":"2014-12-18T11:07:50.584Z"},"gender":"male","skin_color":"brown mottle","hair_color":"none","height":180,"eye_color":"orange","birth_year":"41BBY","key":27,"__v":0,"homeworld_key":31,"homeworld":{"$oid":"5aa995d3b97194b732c16829"}}
{"_id":{"$oid":"5aa995a3b97194b732c167c2"},"edited":{"$date":"2014-12-20T21:17:50.359Z"},"name":"Lobot","created":{"$date":"2014-12-15T13:01:57.178Z"},"gender":"male","skin_color":"light","hair_color":"none","height":175,"eye_color":"blue","birth_year":"37BBY","key":26,"__v":0,"homeworld_key":6,"homeworld":{"$oid":"5aa995d3b97194b732c1680e"}}
{"_id":{"$oid":"5aa995a3b97194b732c167c3"},"edited":{"$date":"2014-12-20T21:17:50.367Z"},"name":"Arvel Crynyd","created":{"$date":"2014-12-18T11:16:33.020Z"},"gender":"male","skin_color":"fair","hair_color":"brown","height":0,"eye_color":"brown","birth_year":"unknown","key":29,"__v":0,"homeworld_key":28,"homeworld":{"$oid":"5aa995d3b97194b732c16826"}}
{"_id":{"$oid":"5aa995a3b97194b732c167c5"},"edited":{"$date":"2014-12-20T21:17:50.369Z"},"name":"Wicket Systri Warrick","created":{"$date":"2014-12-18T11:21:58.954Z"},"gender":"male","skin_color":"brown","hair_color":"brown","height":88,"eye_color":"brown","birth_year":"8BBY","key":30,"__v":0,"homeworld_key":7,"homeworld":{"$oid":"5aa995d3b97194b732c1681a"}}
{"_id":{"$oid":"5aa995a3b97194b732c167c4"},"edited":{"$date":"2014-12-20T21:17:50.364Z"},"name":"Mon Mothma","created":{"$date":"2014-12-18T11:12:38.895Z"},"gender":"female","skin_color":"fair","hair_color":"auburn","height":150,"eye_color":"blue","birth_year":"48BBY","key":28,"__v":0,"homeworld_key":32,"homeworld":{"$oid":"5aa995d3b97194b732c16828"}}
{"_id":{"$oid":"5aa995a3b97194b732c167c6"},"edited":{"$date":"2014-12-20T21:17:50.371Z"},"name":"Nien Nunb","created":{"$date":"2014-12-18T11:26:18.541Z"},"gender":"male","skin_color":"grey","hair_color":"none","height":160,"eye_color":"black","birth_year":"unknown","key":31,"__v":0,"homeworld_key":33,"homeworld":{"$oid":"5aa995d3b97194b732c1682a"}}
{"_id":{"$oid":"5aa995a3b97194b732c167c7"},"edited":{"$date":"2014-12-20T21:17:50.375Z"},"name":"Qui-Gon Jinn","created":{"$date":"2014-12-19T16:54:53.618Z"},"gender":"male","skin_color":"fair","hair_color":"brown","height":193,"eye_color":"blue","birth_year":"92BBY","key":32,"__v":0,"homeworld_key":28,"homeworld":{"$oid":"5aa995d3b97194b732c16826"}}
{"_id":{"$oid":"5aa995a3b97194b732c167c8"},"edited":{"$date":"2014-12-20T21:17:50.377Z"},"name":"Nute Gunray","created":{"$date":"2014-12-19T17:05:57.357Z"},"gender":"male","skin_color":"mottled green","hair_color":"none","height":191,"eye_color":"red","birth_year":"unknown","key":33,"__v":0,"homeworld_key":18,"homeworld":{"$oid":"5aa995d3b97194b732c16817"}}
{"_id":{"$oid":"5aa995a3b97194b732c167ca"},"edited":{"$date":"2014-12-20T21:17:50.381Z"},"name":"Padmé Amidala","created":{"$date":"2014-12-19T17:28:26.926Z"},"gender":"female","skin_color":"light","hair_color":"brown","height":185,"eye_color":"brown","birth_year":"46BBY","key":35,"__v":0,"homeworld_key":8,"homeworld":{"$oid":"5aa995d3b97194b732c16810"}}
{"_id":{"$oid":"5aa995a3b97194b732c167c9"},"edited":{"$date":"2014-12-20T21:17:50.379Z"},"name":"Finis Valorum","created":{"$date":"2014-12-19T17:21:45.915Z"},"gender":"male","skin_color":"fair","hair_color":"blond","height":170,"eye_color":"blue","birth_year":"91BBY","key":34,"__v":0,"homeworld_key":9,"homeworld":{"$oid":"5aa995d3b97194b732c1680d"}}
{"_id":{"$oid":"5aa995a3b97194b732c167b2"},"edited":{"$date":"2014-12-20T21:17:50.334Z"},"name":"Han Solo","created":{"$date":"2014-12-10T16:49:14.582Z"},"gender":"male","skin_color":"fair","hair_color":"brown","height":180,"eye_color":"brown","birth_year":"29BBY","key":14,"__v":0,"homeworld_key":22,"homeworld":{"$oid":"5aa995d3b97194b732c16820"}}
{"_id":{"$oid":"5aa995a3b97194b732c167cb"},"edited":{"$date":"2014-12-20T21:17:50.383Z"},"name":"Jar Jar Binks","created":{"$date":"2014-12-19T17:29:32.489Z"},"gender":"male","skin_color":"orange","hair_color":"none","height":196,"eye_color":"orange","birth_year":"52BBY","key":36,"__v":0,"homeworld_key":8,"homeworld":{"$oid":"5aa995d3b97194b732c16810"}}
{"_id":{"$oid":"5aa995a3b97194b732c167cc"},"edited":{"$date":"2014-12-20T21:17:50.385Z"},"name":"Roos Tarpals","created":{"$date":"2014-12-19T17:32:56.741Z"},"gender":"male","skin_color":"grey","hair_color":"none","height":224,"eye_color":"orange","birth_year":"unknown","key":37,"__v":0,"homeworld_key":8,"homeworld":{"$oid":"5aa995d3b97194b732c16810"}}
{"_id":{"$oid":"5aa995a3b97194b732c167cd"},"edited":{"$date":"2014-12-20T21:17:50.388Z"},"name":"Rugor Nass","created":{"$date":"2014-12-19T17:33:38.909Z"},"gender":"male","skin_color":"green","hair_color":"none","height":206,"eye_color":"orange","birth_year":"unknown","key":38,"__v":0,"homeworld_key":8,"homeworld":{"$oid":"5aa995d3b97194b732c16810"}}
{"_id":{"$oid":"5aa995a3b97194b732c167d0"},"edited":{"$date":"2014-12-20T21:17:50.397Z"},"name":"Sebulba","created":{"$date":"2014-12-19T17:53:02.586Z"},"gender":"male","skin_color":"grey, red","hair_color":"none","height":112,"eye_color":"orange","birth_year":"unknown","key":41,"__v":0,"homeworld_key":35,"homeworld":{"$oid":"5aa995d3b97194b732c1682c"}}
{"_id":{"$oid":"5aa995a3b97194b732c167d1"},"edited":{"$date":"2014-12-20T21:17:50.399Z"},"name":"Quarsh Panaka","created":{"$date":"2014-12-19T17:55:43.348Z"},"gender":"male","skin_color":"dark","hair_color":"black","height":183,"eye_color":"brown","birth_year":"62BBY","key":42,"__v":0,"homeworld_key":8,"homeworld":{"$oid":"5aa995d3b97194b732c16810"}}
{"_id":{"$oid":"5aa995a3b97194b732c167cf"},"edited":{"$date":"2014-12-20T21:17:50.395Z"},"name":"Watto","created":{"$date":"2014-12-19T17:48:54.647Z"},"gender":"male","skin_color":"blue, grey","hair_color":"black","height":137,"eye_color":"yellow","birth_year":"unknown","key":40,"__v":0,"homeworld_key":34,"homeworld":{"$oid":"5aa995d3b97194b732c1682d"}}
{"_id":{"$oid":"5aa995a3b97194b732c167ce"},"edited":{"$date":"2014-12-20T21:17:50.392Z"},"name":"Ric Olié","created":{"$date":"2014-12-19T17:45:01.522Z"},"gender":"male","skin_color":"fair","hair_color":"brown","height":183,"eye_color":"blue","birth_year":"unknown","key":39,"__v":0,"homeworld_key":8,"homeworld":{"$oid":"5aa995d3b97194b732c16810"}}
{"_id":{"$oid":"5aa995a3b97194b732c167d2"},"edited":{"$date":"2014-12-20T21:17:50.401Z"},"name":"Shmi Skywalker","created":{"$date":"2014-12-19T17:57:41.191Z"},"gender":"female","skin_color":"fair","hair_color":"black","height":163,"eye_color":"brown","birth_year":"72BBY","key":43,"__v":0,"homeworld_key":1,"homeworld":{"$oid":"5aa995d3b97194b732c1680c"}}
{"_id":{"$oid":"5aa995a3b97194b732c167d4"},"edited":{"$date":"2014-12-20T21:17:50.407Z"},"name":"Bib Fortuna","created":{"$date":"2014-12-20T09:47:02.512Z"},"gender":"male","skin_color":"pale","hair_color":"none","height":180,"eye_color":"pink","birth_year":"unknown","key":45,"__v":0,"homeworld_key":37,"homeworld":{"$oid":"5aa995d3b97194b732c1682e"}}
{"_id":{"$oid":"5aa995a3b97194b732c167d5"},"edited":{"$date":"2014-12-20T21:17:50.410Z"},"name":"Ratts Tyerel","created":{"$date":"2014-12-20T09:53:15.086Z"},"gender":"male","skin_color":"grey, blue","hair_color":"none","height":79,"eye_color":"unknown","birth_year":"unknown","key":47,"__v":0,"homeworld_key":38,"homeworld":{"$oid":"5aa995d3b97194b732c16830"}}
{"_id":{"$oid":"5aa995a3b97194b732c167d6"},"edited":{"$date":"2014-12-20T21:17:50.409Z"},"name":"Ayla Secura","created":{"$date":"2014-12-20T09:48:01.172Z"},"gender":"female","skin_color":"blue","hair_color":"none","height":178,"eye_color":"hazel","birth_year":"48BBY","key":46,"__v":0,"homeworld_key":37,"homeworld":{"$oid":"5aa995d3b97194b732c1682e"}}
{"_id":{"$oid":"5aa995a3b97194b732c167d9"},"edited":{"$date":"2014-12-20T21:17:50.420Z"},"name":"Mace Windu","created":{"$date":"2014-12-20T10:12:30.846Z"},"gender":"male","skin_color":"dark","hair_color":"none","height":188,"eye_color":"brown","birth_year":"72BBY","key":51,"__v":0,"homeworld_key":42,"homeworld":{"$oid":"5aa995d3b97194b732c16833"}}
{"_id":{"$oid":"5aa995a3b97194b732c167d7"},"edited":{"$date":"2014-12-20T21:17:50.414Z"},"name":"Dud Bolt","created":{"$date":"2014-12-20T09:57:31.858Z"},"gender":"male","skin_color":"blue, grey","hair_color":"none","height":94,"eye_color":"yellow","birth_year":"unknown","key":48,"__v":0,"homeworld_key":39,"homeworld":{"$oid":"5aa995d3b97194b732c16832"}}
{"_id":{"$oid":"5aa995a3b97194b732c167da"},"edited":{"$date":"2014-12-20T21:17:50.417Z"},"name":"Ben Quadinaros","created":{"$date":"2014-12-20T10:08:33.777Z"},"gender":"male","skin_color":"grey, green, yellow","hair_color":"none","height":163,"eye_color":"orange","birth_year":"unknown","key":50,"__v":0,"homeworld_key":41,"homeworld":{"$oid":"5aa995d3b97194b732c16831"}}
{"_id":{"$oid":"5aa995a3b97194b732c167ae"},"edited":{"$date":"2014-12-20T21:17:50.325Z"},"name":"Obi-Wan Kenobi","created":{"$date":"2014-12-10T16:16:29.192Z"},"gender":"male","skin_color":"fair","hair_color":"auburn, white","height":182,"eye_color":"blue-gray","birth_year":"57BBY","key":10,"__v":0,"homeworld_key":20,"homeworld":{"$oid":"5aa995d3b97194b732c1681e"}}
{"_id":{"$oid":"5aa995a3b97194b732c167dc"},"edited":{"$date":"2014-12-20T21:17:50.427Z"},"name":"Eeth Koth","created":{"$date":"2014-12-20T10:26:47.902Z"},"gender":"male","skin_color":"brown","hair_color":"black","height":171,"eye_color":"brown","birth_year":"unknown","key":54,"__v":0,"homeworld_key":45,"homeworld":{"$oid":"5aa995d3b97194b732c16836"}}
{"_id":{"$oid":"5aa995a3b97194b732c167db"},"edited":{"$date":"2014-12-20T21:17:50.422Z"},"name":"Ki-Adi-Mundi","created":{"$date":"2014-12-20T10:15:32.293Z"},"gender":"male","skin_color":"pale","hair_color":"white","height":198,"eye_color":"yellow","birth_year":"92BBY","key":52,"__v":0,"homeworld_key":43,"homeworld":{"$oid":"5aa995d3b97194b732c16837"}}
{"_id":{"$oid":"5aa995a3b97194b732c167de"},"edited":{"$date":"2014-12-20T21:17:50.437Z"},"name":"Yarael Poof","created":{"$date":"2014-12-20T10:34:48.725Z"},"gender":"male","skin_color":"white","hair_color":"none","height":264,"eye_color":"yellow","birth_year":"unknown","key":57,"__v":0,"homeworld_key":48,"homeworld":{"$oid":"5aa995d3b97194b732c1683b"}}
{"_id":{"$oid":"5aa995a3b97194b732c167dd"},"edited":{"$date":"2014-12-20T21:17:50.424Z"},"name":"Kit Fisto","created":{"$date":"2014-12-20T10:18:57.202Z"},"gender":"male","skin_color":"green","hair_color":"none","height":196,"eye_color":"black","birth_year":"unknown","key":53,"__v":0,"homeworld_key":44,"homeworld":{"$oid":"5aa995d3b97194b732c16834"}}
{"_id":{"$oid":"5aa995a3b97194b732c167df"},"edited":{"$date":"2014-12-20T21:17:50.432Z"},"name":"Adi Gallia","created":{"$date":"2014-12-20T10:29:11.661Z"},"gender":"female","skin_color":"dark","hair_color":"none","height":184,"eye_color":"blue","birth_year":"unknown","key":55,"__v":0,"homeworld_key":9,"homeworld":{"$oid":"5aa995d3b97194b732c1680d"}}
{"_id":{"$oid":"5aa995a3b97194b732c167e1"},"edited":{"$date":"2014-12-20T21:17:50.442Z"},"name":"Mas Amedda","created":{"$date":"2014-12-20T10:53:26.457Z"},"gender":"male","skin_color":"blue","hair_color":"none","height":196,"eye_color":"blue","birth_year":"unknown","key":59,"__v":0,"homeworld_key":50,"homeworld":{"$oid":"5aa995d3b97194b732c16839"}}
{"_id":{"$oid":"5aa995a3b97194b732c167e3"},"edited":{"$date":"2014-12-20T21:17:50.439Z"},"name":"Plo Koon","created":{"$date":"2014-12-20T10:49:19.859Z"},"gender":"male","skin_color":"orange","hair_color":"none","height":188,"eye_color":"black","birth_year":"22BBY","key":58,"__v":0,"homeworld_key":49,"homeworld":{"$oid":"5aa995d3b97194b732c1683d"}}
{"_id":{"$oid":"5aa995a3b97194b732c167e0"},"edited":{"$date":"2014-12-20T21:17:50.434Z"},"name":"Saesee Tiin","created":{"$date":"2014-12-20T10:32:11.669Z"},"gender":"male","skin_color":"pale","hair_color":"none","height":188,"eye_color":"orange","birth_year":"unknown","key":56,"__v":0,"homeworld_key":47,"homeworld":{"$oid":"5aa995d3b97194b732c1683a"}}
{"_id":{"$oid":"5aa995a3b97194b732c167e4"},"edited":{"$date":"2014-12-20T21:17:50.451Z"},"name":"Cliegg Lars","created":{"$date":"2014-12-20T15:59:03.958Z"},"gender":"male","skin_color":"fair","hair_color":"brown","height":183,"eye_color":"blue","birth_year":"82BBY","key":62,"__v":0,"homeworld_key":1,"homeworld":{"$oid":"5aa995d3b97194b732c1680c"}}
{"_id":{"$oid":"5aa995a3b97194b732c167aa"},"edited":{"$date":"2014-12-20T21:17:50.321Z"},"name":"R5-D4","created":{"$date":"2014-12-10T15:57:50.959Z"},"gender":"n/a","skin_color":"white, red","hair_color":"n/a","height":97,"eye_color":"red","birth_year":"unknown","key":8,"__v":0,"homeworld_key":1,"homeworld":{"$oid":"5aa995d3b97194b732c1680c"}}
{"_id":{"$oid":"5aa995a3b97194b732c167d8"},"edited":{"$date":"2014-12-20T21:17:50.416Z"},"name":"Gasgano","created":{"$date":"2014-12-20T10:02:12.223Z"},"gender":"male","skin_color":"white, blue","hair_color":"none","height":122,"eye_color":"black","birth_year":"unknown","key":49,"__v":0,"homeworld_key":40,"homeworld":{"$oid":"5aa995d3b97194b732c16835"}}
{"_id":{"$oid":"5aa995a3b97194b732c167d3"},"edited":{"$date":"2014-12-20T21:17:50.403Z"},"name":"Darth Maul","created":{"$date":"2014-12-19T18:00:41.929Z"},"gender":"male","skin_color":"red","hair_color":"none","height":175,"eye_color":"yellow","birth_year":"54BBY","key":44,"__v":0,"homeworld_key":36,"homeworld":{"$oid":"5aa995d3b97194b732c1682f"}}
{"_id":{"$oid":"5aa995a3b97194b732c167ac"},"edited":{"$date":"2014-12-20T21:17:50.309Z"},"name":"C-3PO","created":{"$date":"2014-12-10T15:10:51.357Z"},"gender":"n/a","skin_color":"gold","hair_color":"n/a","height":167,"eye_color":"yellow","birth_year":"112BBY","key":2,"__v":0,"homeworld_key":1,"homeworld":{"$oid":"5aa995d3b97194b732c1680c"}}
{"_id":{"$oid":"5aa995a3b97194b732c167e2"},"edited":{"$date":"2014-12-20T21:17:50.445Z"},"name":"Gregar Typho","created":{"$date":"2014-12-20T11:10:10.381Z"},"gender":"male","skin_color":"dark","hair_color":"black","height":185,"eye_color":"brown","birth_year":"unknown","key":60,"__v":0,"homeworld_key":8,"homeworld":{"$oid":"5aa995d3b97194b732c16810"}}
{"_id":{"$oid":"5aa995a3b97194b732c167e5"},"edited":{"$date":"2014-12-20T21:17:50.449Z"},"name":"Cordé","created":{"$date":"2014-12-20T11:11:39.630Z"},"gender":"female","skin_color":"light","hair_color":"brown","height":157,"eye_color":"brown","birth_year":"unknown","key":61,"__v":0,"homeworld_key":8,"homeworld":{"$oid":"5aa995d3b97194b732c16810"}}
{"_id":{"$oid":"5aa995a3b97194b732c167e7"},"edited":{"$date":"2014-12-20T21:17:50.455Z"},"name":"Luminara Unduli","created":{"$date":"2014-12-20T16:45:53.668Z"},"gender":"female","skin_color":"yellow","hair_color":"black","height":170,"eye_color":"blue","birth_year":"58BBY","key":64,"__v":0,"homeworld_key":51,"homeworld":{"$oid":"5aa995d3b97194b732c1683c"}}
{"_id":{"$oid":"5aa995a3b97194b732c167eb"},"edited":{"$date":"2014-12-20T21:17:50.463Z"},"name":"Bail Prestor Organa","created":{"$date":"2014-12-20T16:53:08.575Z"},"gender":"male","skin_color":"tan","hair_color":"black","height":191,"eye_color":"brown","birth_year":"67BBY","key":68,"__v":0,"homeworld_key":2,"homeworld":{"$oid":"5aa995d3b97194b732c1680b"}}
{"_id":{"$oid":"5aa995a3b97194b732c167ed"},"edited":{"$date":"2014-12-20T21:17:50.468Z"},"name":"Zam Wesell","created":{"$date":"2014-12-20T16:57:44.471Z"},"gender":"female","skin_color":"fair, green, yellow","hair_color":"blonde","height":168,"eye_color":"yellow","birth_year":"unknown","key":70,"__v":0,"homeworld_key":54,"homeworld":{"$oid":"5aa995d3b97194b732c16840"}}
{"_id":{"$oid":"5aa995a3b97194b732c167ee"},"edited":{"$date":"2014-12-20T21:17:50.473Z"},"name":"Lama Su","created":{"$date":"2014-12-20T17:30:50.416Z"},"gender":"male","skin_color":"grey","hair_color":"none","height":229,"eye_color":"black","birth_year":"unknown","key":72,"__v":0,"homeworld_key":10,"homeworld":{"$oid":"5aa995d3b97194b732c16819"}}
{"_id":{"$oid":"5aa995a3b97194b732c167ec"},"edited":{"$date":"2014-12-20T21:17:50.462Z"},"name":"Dooku","created":{"$date":"2014-12-20T16:52:14.726Z"},"gender":"male","skin_color":"fair","hair_color":"white","height":193,"eye_color":"brown","birth_year":"102BBY","key":67,"__v":0,"homeworld_key":52,"homeworld":{"$oid":"5aa995d3b97194b732c1683e"}}
{"_id":{"$oid":"5aa995a3b97194b732c167ef"},"edited":{"$date":"2014-12-20T21:17:50.470Z"},"name":"Dexter Jettster","created":{"$date":"2014-12-20T17:28:27.248Z"},"gender":"male","skin_color":"brown","hair_color":"none","height":198,"eye_color":"yellow","birth_year":"unknown","key":71,"__v":0,"homeworld_key":55,"homeworld":{"$oid":"5aa995d3b97194b732c16841"}}
{"_id":{"$oid":"5aa995a3b97194b732c167f0"},"edited":{"$date":"2014-12-20T21:17:50.474Z"},"name":"Taun We","created":{"$date":"2014-12-20T17:31:21.195Z"},"gender":"female","skin_color":"grey","hair_color":"none","height":213,"eye_color":"black","birth_year":"unknown","key":73,"__v":0,"homeworld_key":10,"homeworld":{"$oid":"5aa995d3b97194b732c16819"}}
{"_id":{"$oid":"5aa995a3b97194b732c167f2"},"edited":{"$date":"2014-12-20T21:17:50.478Z"},"name":"R4-P17","created":{"$date":"2014-12-20T17:43:36.409Z"},"gender":"female","skin_color":"silver, red","hair_color":"none","height":96,"eye_color":"red, blue","birth_year":"unknown","key":75,"__v":0,"homeworld_key":28,"homeworld":{"$oid":"5aa995d3b97194b732c16826"}}
{"_id":{"$oid":"5aa995a3b97194b732c167f3"},"edited":{"$date":"2014-12-20T21:17:50.484Z"},"name":"San Hill","created":{"$date":"2014-12-20T17:58:17.049Z"},"gender":"male","skin_color":"grey","hair_color":"none","height":191,"eye_color":"gold","birth_year":"unknown","key":77,"__v":0,"homeworld_key":57,"homeworld":{"$oid":"5aa995d3b97194b732c16843"}}
{"_id":{"$oid":"5aa995a3b97194b732c167e8"},"edited":{"$date":"2014-12-20T21:17:50.457Z"},"name":"Barriss Offee","created":{"$date":"2014-12-20T16:46:40.440Z"},"gender":"female","skin_color":"yellow","hair_color":"black","height":166,"eye_color":"blue","birth_year":"40BBY","key":65,"__v":0,"homeworld_key":51,"homeworld":{"$oid":"5aa995d3b97194b732c1683c"}}
{"_id":{"$oid":"5aa995a3b97194b732c167e6"},"edited":{"$date":"2014-12-20T21:17:50.453Z"},"name":"Poggle the Lesser","created":{"$date":"2014-12-20T16:40:43.977Z"},"gender":"male","skin_color":"green","hair_color":"none","height":183,"eye_color":"yellow","birth_year":"unknown","key":63,"__v":0,"homeworld_key":11,"homeworld":{"$oid":"5aa995d3b97194b732c16813"}}
{"_id":{"$oid":"5aa995a3b97194b732c167e9"},"edited":{"$date":"2014-12-20T21:17:50.460Z"},"name":"Dormé","created":{"$date":"2014-12-20T16:49:14.640Z"},"gender":"female","skin_color":"light","hair_color":"brown","height":165,"eye_color":"brown","birth_year":"unknown","key":66,"__v":0,"homeworld_key":8,"homeworld":{"$oid":"5aa995d3b97194b732c16810"}}
{"_id":{"$oid":"5aa995a3b97194b732c167ea"},"edited":{"$date":"2014-12-20T21:17:50.465Z"},"name":"Jango Fett","created":{"$date":"2014-12-20T16:54:41.620Z"},"gender":"male","skin_color":"tan","hair_color":"black","height":183,"eye_color":"brown","birth_year":"66BBY","key":69,"__v":0,"homeworld_key":53,"homeworld":{"$oid":"5aa995d3b97194b732c1683f"}}
{"_id":{"$oid":"5aa995a3b97194b732c167ad"},"edited":{"$date":"2014-12-20T21:17:50.327Z"},"name":"Anakin Skywalker","created":{"$date":"2014-12-10T16:20:44.310Z"},"gender":"male","skin_color":"fair","hair_color":"blond","height":188,"eye_color":"blue","birth_year":"41.9BBY","key":11,"__v":0,"homeworld_key":1,"homeworld":{"$oid":"5aa995d3b97194b732c1680c"}}
{"_id":{"$oid":"5aa995a3b97194b732c167f1"},"edited":{"$date":"2014-12-20T21:17:50.476Z"},"name":"Jocasta Nu","created":{"$date":"2014-12-20T17:32:51.996Z"},"gender":"female","skin_color":"fair","hair_color":"white","height":167,"eye_color":"blue","birth_year":"unknown","key":74,"__v":0,"homeworld_key":9,"homeworld":{"$oid":"5aa995d3b97194b732c1680d"}}
{"_id":{"$oid":"5aa995a3b97194b732c167f4"},"edited":{"$date":"2014-12-20T21:17:50.486Z"},"name":"Shaak Ti","created":{"$date":"2014-12-20T18:44:01.103Z"},"gender":"female","skin_color":"red, blue, white","hair_color":"none","height":178,"eye_color":"black","birth_year":"unknown","key":78,"__v":0,"homeworld_key":58,"homeworld":{"$oid":"5aa995d3b97194b732c16844"}}
{"_id":{"$oid":"5aa995a3b97194b732c167a9"},"edited":{"$date":"2014-12-20T21:17:50.311Z"},"name":"R2-D2","created":{"$date":"2014-12-10T15:11:50.376Z"},"gender":"n/a","skin_color":"white, blue","hair_color":"n/a","height":96,"eye_color":"red","birth_year":"33BBY","key":3,"__v":0,"homeworld_key":8,"homeworld":{"$oid":"5aa995d3b97194b732c16810"}}
{"_id":{"$oid":"5aa995a3b97194b732c167f5"},"edited":{"$date":"2014-12-20T21:17:50.491Z"},"name":"Tarfful","created":{"$date":"2014-12-20T19:46:34.209Z"},"gender":"male","skin_color":"brown","hair_color":"brown","height":234,"eye_color":"blue","birth_year":"unknown","key":80,"__v":0,"homeworld_key":14,"homeworld":{"$oid":"5aa995d3b97194b732c16816"}}
{"_id":{"$oid":"5aa995a3b97194b732c167f7"},"edited":{"$date":"2014-12-20T21:17:50.481Z"},"name":"Wat Tambor","created":{"$date":"2014-12-20T17:53:52.607Z"},"gender":"male","skin_color":"green, grey","hair_color":"none","height":193,"eye_color":"unknown","birth_year":"unknown","key":76,"__v":0,"homeworld_key":56,"homeworld":{"$oid":"5aa995d3b97194b732c16842"}}
{"_id":{"$oid":"5aa995a3b97194b732c167f8"},"edited":{"$date":"2014-12-20T21:17:50.493Z"},"name":"Raymus Antilles","created":{"$date":"2014-12-20T19:49:35.583Z"},"gender":"male","skin_color":"light","hair_color":"brown","height":188,"eye_color":"brown","birth_year":"unknown","key":81,"__v":0,"homeworld_key":2,"homeworld":{"$oid":"5aa995d3b97194b732c1680b"}}
{"_id":{"$oid":"5aa995a3b97194b732c167f6"},"edited":{"$date":"2014-12-20T21:17:50.488Z"},"name":"Grievous","created":{"$date":"2014-12-20T19:43:53.348Z"},"gender":"male","skin_color":"brown, white","hair_color":"none","height":216,"eye_color":"green, yellow","birth_year":"unknown","key":79,"__v":0,"homeworld_key":59,"homeworld":{"$oid":"5aa995d3b97194b732c16845"}}
{"_id":{"$oid":"5aa995a3b97194b732c167f9"},"edited":{"$date":"2014-12-20T21:17:50.496Z"},"name":"Sly Moore","created":{"$date":"2014-12-20T20:18:37.619Z"},"gender":"female","skin_color":"pale","hair_color":"none","height":178,"eye_color":"white","birth_year":"unknown","key":82,"__v":0,"homeworld_key":60,"homeworld":{"$oid":"5aa995d3b97194b732c16846"}}
{"_id":{"$oid":"5aa995a3b97194b732c167fa"},"edited":{"$date":"2014-12-20T21:17:50.498Z"},"name":"Tion Medon","created":{"$date":"2014-12-20T20:35:04.260Z"},"gender":"male","skin_color":"grey","hair_color":"none","height":206,"eye_color":"black","birth_year":"unknown","key":83,"__v":0,"homeworld_key":12,"homeworld":{"$oid":"5aa995d3b97194b732c16814"}}
