{"_id":{"$oid":"5aa995e4b97194b732c1684d"},"edited":{"$date":"2014-12-20T21:36:42.136Z"},"classification":"mammal","name":"Human","designation":"sentient","created":{"$date":"2014-12-10T13:52:11.567Z"},"eye_colors":"brown, blue, green, hazel, grey, amber","skin_colors":"caucasian, black, asian, hispanic","language":"Galactic Basic","hair_colors":"blonde, brown, black, red","average_lifespan":"120","average_height":"180","key":1,"__v":1,"character_keys":[66,67,68,74],"homeworld_key":9,"homeworld":{"$oid":"5aa995d3b97194b732c1680d"},"people":[]}
{"_id":{"$oid":"5aa995e4b97194b732c1684f"},"edited":{"$date":"2014-12-20T21:36:42.151Z"},"classification":"reptile","name":"Trandoshan","designation":"sentient","created":{"$date":"2014-12-15T13:07:47.704Z"},"eye_colors":"yellow, orange","skin_colors":"brown, green","language":"Dosh","hair_colors":"none","average_lifespan":"unknown","average_height":"200","key":7,"__v":1,"character_keys":[24],"homeworld_key":29,"homeworld":{"$oid":"5aa995d3b97194b732c1682b"},"people":[]}
{"_id":{"$oid":"5aa995e4b97194b732c1684c"},"edited":{"$date":"2014-12-20T21:36:42.142Z"},"classification":"mammal","name":"Wookie","designation":"sentient","created":{"$date":"2014-12-10T16:44:31.486Z"},"eye_colors":"blue, green, yellow, brown, golden, red","skin_colors":"gray","language":"Shyriiwook","hair_colors":"black, brown","average_lifespan":"400","average_height":"210","key":3,"__v":1,"character_keys":[13,80],"homeworld_key":14,"homeworld":{"$oid":"5aa995d3b97194b732c16816"},"people":[]}
{"_id":{"$oid":"5aa995e4b97194b732c16850"},"edited":{"$date":"2014-12-20T21:36:42.144Z"},"classification":"sentient","name":"Rodian","designation":"reptilian","created":{"$date":"2014-12-10T17:05:26.471Z"},"eye_colors":"black","skin_colors":"green, blue","language":"Galatic Basic","hair_colors":"n/a","average_lifespan":"unknown","average_height":"170","key":4,"__v":1,"character_keys":[15],"homeworld_key":23,"homeworld":{"$oid":"5aa995d3b97194b732c16821"},"people":[]}
{"_id":{"$oid":"5aa995e4b97194b732c1684e"},"edited":{"$date":"2014-12-20T21:36:42.139Z"},"classification":"artificial","name":"Droid","designation":"sentient","created":{"$date":"2014-12-10T15:16:16.259Z"},"eye_colors":"n/a","skin_colors":"n/a","language":"n/a","hair_colors":"n/a","average_lifespan":"indefinite","average_height":"n/a","key":2,"__v":0,"character_keys":[2,3,8,23],"homeworld_key":null}
{"_id":{"$oid":"5aa995e4b97194b732c16853"},"edited":{"$date":"2014-12-20T21:36:42.160Z"},"classification":"unknown","name":"Neimodian","designation":"sentient","created":{"$date":"2014-12-19T17:07:31.319Z"},"eye_colors":"red, pink","skin_colors":"grey, green","language":"Neimoidia","hair_colors":"none","average_lifespan":"unknown","average_height":"180","key":11,"__v":1,"character_keys":[33],"homeworld_key":18,"homeworld":{"$oid":"5aa995d3b97194b732c16817"},"people":[]}
{"_id":{"$oid":"5aa995e4b97194b732c16855"},"edited":{"$date":"2014-12-20T21:36:42.163Z"},"classification":"amphibian","name":"Gungan","designation":"sentient","created":{"$date":"2014-12-19T17:30:37.341Z"},"eye_colors":"orange","skin_colors":"brown, green","language":"Gungan basic","hair_colors":"none","average_lifespan":"unknown","average_height":"190","key":12,"__v":1,"character_keys":[36,37,38],"homeworld_key":8,"homeworld":{"$oid":"5aa995d3b97194b732c16810"},"people":[]}
{"_id":{"$oid":"5aa995e4b97194b732c16851"},"edited":{"$date":"2014-12-20T21:36:42.146Z"},"classification":"gastropod","name":"Hutt","designation":"sentient","created":{"$date":"2014-12-10T17:12:50.410Z"},"eye_colors":"yellow, red","skin_colors":"green, brown, tan","language":"Huttese","hair_colors":"n/a","average_lifespan":"1000","average_height":"300","key":5,"__v":1,"character_keys":[16],"homeworld_key":24,"homeworld":{"$oid":"5aa995d3b97194b732c16825"},"people":[]}
{"_id":{"$oid":"5aa995e4b97194b732c16854"},"edited":{"$date":"2014-12-20T21:36:42.153Z"},"classification":"amphibian","name":"Mon Calamari","designation":"sentient","created":{"$date":"2014-12-18T11:09:52.263Z"},"eye_colors":"yellow","skin_colors":"red, blue, brown, magenta","language":"Mon Calamarian","hair_colors":"none","average_lifespan":"unknown","average_height":"160","key":8,"__v":1,"character_keys":[27],"homeworld_key":31,"homeworld":{"$oid":"5aa995d3b97194b732c16829"},"people":[]}
{"_id":{"$oid":"5aa995e4b97194b732c16858"},"edited":{"$date":"2014-12-20T21:36:42.169Z"},"classification":"mammals","name":"Twi'lek","designation":"sentient","created":{"$date":"2014-12-20T09:48:02.406Z"},"eye_colors":"blue, brown, orange, pink","skin_colors":"orange, yellow, blue, green, pink, purple, tan","language":"Twi'leki","hair_colors":"none","average_lifespan":"unknown","average_height":"200","key":15,"__v":1,"character_keys":[45,46],"homeworld_key":37,"homeworld":{"$oid":"5aa995d3b97194b732c1682e"},"people":[]}
{"_id":{"$oid":"5aa995e4b97194b732c1685a"},"edited":{"$date":"2014-12-20T21:36:42.171Z"},"classification":"reptile","name":"Aleena","designation":"sentient","created":{"$date":"2014-12-20T09:53:16.481Z"},"eye_colors":"unknown","skin_colors":"blue, gray","language":"Aleena","hair_colors":"none","average_lifespan":"79","average_height":"80","key":16,"__v":1,"character_keys":[47],"homeworld_key":38,"homeworld":{"$oid":"5aa995d3b97194b732c16830"},"people":[]}
{"_id":{"$oid":"5aa995e4b97194b732c16856"},"edited":{"$date":"2014-12-20T21:36:42.165Z"},"classification":"mammal","name":"Toydarian","designation":"sentient","created":{"$date":"2014-12-19T17:48:56.893Z"},"eye_colors":"yellow","skin_colors":"blue, green, grey","language":"Toydarian","hair_colors":"none","average_lifespan":"91","average_height":"120","key":13,"__v":1,"character_keys":[40],"homeworld_key":34,"homeworld":{"$oid":"5aa995d3b97194b732c1682d"},"people":[]}
{"_id":{"$oid":"5aa995e4b97194b732c16859"},"edited":{"$date":"2014-12-20T21:36:42.148Z"},"classification":"mammal","name":"Yoda's species","designation":"sentient","created":{"$date":"2014-12-15T12:27:22.877Z"},"eye_colors":"brown, green, yellow","skin_colors":"green, yellow","language":"Galactic basic","hair_colors":"brown, white","average_lifespan":"900","average_height":"66","key":6,"__v":1,"character_keys":[20],"homeworld_key":28,"homeworld":{"$oid":"5aa995d3b97194b732c16826"},"people":[]}
{"_id":{"$oid":"5aa995e4b97194b732c1685d"},"edited":{"$date":"2014-12-20T21:36:42.177Z"},"classification":"unknown","name":"Toong","designation":"sentient","created":{"$date":"2014-12-20T10:08:36.795Z"},"eye_colors":"orange","skin_colors":"grey, green, yellow","language":"Tundan","hair_colors":"none","average_lifespan":"unknown","average_height":"200","key":19,"__v":1,"character_keys":[50],"homeworld_key":41,"homeworld":{"$oid":"5aa995d3b97194b732c16831"},"people":[]}
{"_id":{"$oid":"5aa995e4b97194b732c1685f"},"edited":{"$date":"2014-12-20T21:36:42.179Z"},"classification":"mammal","name":"Cerean","designation":"sentient","created":{"$date":"2014-12-20T10:15:33.765Z"},"eye_colors":"hazel","skin_colors":"pale pink","language":"Cerean","hair_colors":"red, blond, black, white","average_lifespan":"unknown","average_height":"200","key":20,"__v":1,"character_keys":[52],"homeworld_key":43,"homeworld":{"$oid":"5aa995d3b97194b732c16837"},"people":[]}
{"_id":{"$oid":"5aa995e4b97194b732c1685b"},"edited":{"$date":"2014-12-20T21:36:42.157Z"},"classification":"mammal","name":"Sullustan","designation":"sentient","created":{"$date":"2014-12-18T11:26:20.103Z"},"eye_colors":"black","skin_colors":"pale","language":"Sullutese","hair_colors":"none","average_lifespan":"unknown","average_height":"180","key":10,"__v":1,"character_keys":[31],"homeworld_key":33,"homeworld":{"$oid":"5aa995d3b97194b732c1682a"},"people":[]}
{"_id":{"$oid":"5aa995e4b97194b732c1685e"},"edited":{"$date":"2014-12-20T21:36:42.181Z"},"classification":"amphibian","name":"Nautolan","designation":"sentient","created":{"$date":"2014-12-20T10:18:58.610Z"},"eye_colors":"black","skin_colors":"green, blue, brown, red","language":"Nautila","hair_colors":"none","average_lifespan":"70","average_height":"180","key":21,"__v":1,"character_keys":[53],"homeworld_key":44,"homeworld":{"$oid":"5aa995d3b97194b732c16834"},"people":[]}
{"_id":{"$oid":"5aa995e4b97194b732c16862"},"edited":{"$date":"2014-12-20T21:36:42.173Z"},"classification":"unknown","name":"Vulptereen","designation":"sentient","created":{"$date":"2014-12-20T09:57:33.128Z"},"eye_colors":"yellow","skin_colors":"grey","language":"vulpterish","hair_colors":"none","average_lifespan":"unknown","average_height":"100","key":17,"__v":1,"character_keys":[48],"homeworld_key":39,"homeworld":{"$oid":"5aa995d3b97194b732c16832"},"people":[]}
{"_id":{"$oid":"5aa995e4b97194b732c16860"},"edited":{"$date":"2014-12-20T21:36:42.183Z"},"classification":"mammal","name":"Zabrak","designation":"sentient","created":{"$date":"2014-12-20T10:26:59.894Z"},"eye_colors":"brown, orange","skin_colors":"pale, brown, red, orange, yellow","language":"Zabraki","hair_colors":"black","average_lifespan":"unknown","average_height":"180","key":22,"__v":1,"character_keys":[44,54],"homeworld_key":45,"homeworld":{"$oid":"5aa995d3b97194b732c16836"},"people":[]}
{"_id":{"$oid":"5aa995e4b97194b732c16864"},"edited":{"$date":"2014-12-20T21:36:42.193Z"},"classification":"amphibian","name":"Chagrian","designation":"sentient","created":{"$date":"2014-12-20T10:53:28.795Z"},"eye_colors":"blue","skin_colors":"blue","language":"Chagria","hair_colors":"none","average_lifespan":"unknown","average_height":"190","key":27,"__v":1,"character_keys":[59],"homeworld_key":50,"homeworld":{"$oid":"5aa995d3b97194b732c16839"},"people":[]}
{"_id":{"$oid":"5aa995e4b97194b732c16852"},"edited":{"$date":"2014-12-20T21:36:42.155Z"},"classification":"mammal","name":"Ewok","designation":"sentient","created":{"$date":"2014-12-18T11:22:00.285Z"},"eye_colors":"orange, brown","skin_colors":"brown","language":"Ewokese","hair_colors":"white, brown, black","average_lifespan":"unknown","average_height":"100","key":9,"__v":1,"character_keys":[30],"homeworld_key":7,"homeworld":{"$oid":"5aa995d3b97194b732c1681a"},"people":[]}
{"_id":{"$oid":"5aa995e4b97194b732c16863"},"edited":{"$date":"2014-12-20T21:36:42.188Z"},"classification":"unknown","name":"Iktotchi","designation":"sentient","created":{"$date":"2014-12-20T10:32:13.046Z"},"eye_colors":"orange","skin_colors":"pink","language":"Iktotchese","hair_colors":"none","average_lifespan":"unknown","average_height":"180","key":24,"__v":1,"character_keys":[56],"homeworld_key":47,"homeworld":{"$oid":"5aa995d3b97194b732c1683a"},"people":[]}
{"_id":{"$oid":"5aa995e4b97194b732c16867"},"edited":{"$date":"2014-12-20T21:36:42.200Z"},"classification":"amphibian","name":"Besalisk","designation":"sentient","created":{"$date":"2014-12-20T17:28:28.821Z"},"eye_colors":"yellow","skin_colors":"brown","language":"besalisk","hair_colors":"none","average_lifespan":"75","average_height":"178","key":31,"__v":1,"character_keys":[71],"homeworld_key":55,"homeworld":{"$oid":"5aa995d3b97194b732c16841"},"people":[]}
{"_id":{"$oid":"5aa995e4b97194b732c16869"},"edited":{"$date":"2014-12-20T21:36:42.195Z"},"classification":"insectoid","name":"Geonosian","designation":"sentient","created":{"$date":"2014-12-20T16:40:45.618Z"},"eye_colors":"green, hazel","skin_colors":"green, brown","language":"Geonosian","hair_colors":"none","average_lifespan":"unknown","average_height":"178","key":28,"__v":1,"character_keys":[63],"homeworld_key":11,"homeworld":{"$oid":"5aa995d3b97194b732c16813"},"people":[]}
{"_id":{"$oid":"5aa995e4b97194b732c16857"},"edited":{"$date":"2014-12-20T21:36:42.167Z"},"classification":"mammal","name":"Dug","designation":"sentient","created":{"$date":"2014-12-19T17:53:11.214Z"},"eye_colors":"yellow, blue","skin_colors":"brown, purple, grey, red","language":"Dugese","hair_colors":"none","average_lifespan":"unknown","average_height":"100","key":14,"__v":1,"character_keys":[41],"homeworld_key":35,"homeworld":{"$oid":"5aa995d3b97194b732c1682c"},"people":[]}
{"_id":{"$oid":"5aa995e4b97194b732c16865"},"edited":{"$date":"2014-12-20T21:36:42.191Z"},"classification":"unknown","name":"Kel Dor","designation":"sentient","created":{"$date":"2014-12-20T10:49:21.692Z"},"eye_colors":"black, silver","skin_colors":"peach, orange, red","language":"Kel Dor","hair_colors":"none","average_lifespan":"70","average_height":"180","key":26,"__v":1,"character_keys":[58],"homeworld_key":49,"homeworld":{"$oid":"5aa995d3b97194b732c1683d"},"people":[]}
{"_id":{"$oid":"5aa995e4b97194b732c16868"},"edited":{"$date":"2014-12-20T21:36:42.197Z"},"classification":"mammal","name":"Mirialan","designation":"sentient","created":{"$date":"2014-12-20T16:46:48.290Z"},"eye_colors":"blue, green, red, yellow, brown, orange","skin_colors":"yellow, green","language":"Mirialan","hair_colors":"black, brown","average_lifespan":"unknown","average_height":"180","key":29,"__v":1,"character_keys":[64,65],"homeworld_key":51,"homeworld":{"$oid":"5aa995d3b97194b732c1683c"},"people":[]}
{"_id":{"$oid":"5aa995e4b97194b732c1686c"},"edited":{"$date":"2014-12-20T21:36:42.207Z"},"classification":"mammal","name":"Muun","designation":"sentient","created":{"$date":"2014-12-20T17:58:19.088Z"},"eye_colors":"black","skin_colors":"grey, white","language":"Muun","hair_colors":"none","average_lifespan":"100","average_height":"190","key":34,"__v":1,"character_keys":[77],"homeworld_key":57,"homeworld":{"$oid":"5aa995d3b97194b732c16843"},"people":[]}
{"_id":{"$oid":"5aa995e4b97194b732c1685c"},"edited":{"$date":"2014-12-20T21:36:42.175Z"},"classification":"unknown","name":"Xexto","designation":"sentient","created":{"$date":"2014-12-20T10:02:13.915Z"},"eye_colors":"black","skin_colors":"grey, yellow, purple","language":"Xextese","hair_colors":"none","average_lifespan":"unknown","average_height":"125","key":18,"__v":1,"character_keys":[49],"homeworld_key":40,"homeworld":{"$oid":"5aa995d3b97194b732c16835"},"people":[]}
{"_id":{"$oid":"5aa995e4b97194b732c1686e"},"edited":{"$date":"2014-12-20T21:36:42.210Z"},"classification":"reptile","name":"Kaleesh","designation":"sentient","created":{"$date":"2014-12-20T19:45:42.537Z"},"eye_colors":"yellow","skin_colors":"brown, orange, tan","language":"Kaleesh","hair_colors":"none","average_lifespan":"80","average_height":"170","key":36,"__v":1,"character_keys":[79],"homeworld_key":59,"homeworld":{"$oid":"5aa995d3b97194b732c16845"},"people":[]}
{"_id":{"$oid":"5aa995e4b97194b732c1686a"},"edited":{"$date":"2014-12-20T21:36:42.202Z"},"classification":"amphibian","name":"Kaminoan","designation":"sentient","created":{"$date":"2014-12-20T17:31:24.838Z"},"eye_colors":"black","skin_colors":"grey, blue","language":"Kaminoan","hair_colors":"none","average_lifespan":"80","average_height":"220","key":32,"__v":1,"character_keys":[72,73],"homeworld_key":10,"homeworld":{"$oid":"5aa995d3b97194b732c16819"},"people":[]}
{"_id":{"$oid":"5aa995e4b97194b732c1686d"},"edited":{"$date":"2014-12-20T21:36:42.209Z"},"classification":"mammal","name":"Togruta","designation":"sentient","created":{"$date":"2014-12-20T18:44:03.246Z"},"eye_colors":"red, orange, yellow, green, blue, black","skin_colors":"red, white, orange, yellow, green, blue","language":"Togruti","hair_colors":"none","average_lifespan":"94","average_height":"180","key":35,"__v":1,"character_keys":[78],"homeworld_key":58,"homeworld":{"$oid":"5aa995d3b97194b732c16844"},"people":[]}
{"_id":{"$oid":"5aa995e4b97194b732c16861"},"edited":{"$date":"2014-12-20T21:36:42.186Z"},"classification":"mammal","name":"Tholothian","designation":"sentient","created":{"$date":"2014-12-20T10:29:13.798Z"},"eye_colors":"blue, indigo","skin_colors":"dark","language":"unknown","hair_colors":"unknown","average_lifespan":"unknown","average_height":"unknown","key":23,"__v":1,"character_keys":[55],"homeworld_key":46,"homeworld":{"$oid":"5aa995d3b97194b732c16838"},"people":[]}
{"_id":{"$oid":"5aa995e4b97194b732c1686f"},"edited":{"$date":"2014-12-20T21:36:42.212Z"},"classification":"mammal","name":"Pau'an","designation":"sentient","created":{"$date":"2014-12-20T20:35:06.777Z"},"eye_colors":"black","skin_colors":"grey","language":"Utapese","hair_colors":"none","average_lifespan":"700","average_height":"190","key":37,"__v":1,"character_keys":[83],"homeworld_key":12,"homeworld":{"$oid":"5aa995d3b97194b732c16814"},"people":[]}
{"_id":{"$oid":"5aa995e4b97194b732c16866"},"edited":{"$date":"2014-12-20T21:36:42.189Z"},"classification":"mammal","name":"Quermian","designation":"sentient","created":{"$date":"2014-12-20T10:34:50.827Z"},"eye_colors":"yellow","skin_colors":"white","language":"Quermian","hair_colors":"none","average_lifespan":"86","average_height":"240","key":25,"__v":1,"character_keys":[57],"homeworld_key":48,"homeworld":{"$oid":"5aa995d3b97194b732c1683b"},"people":[]}
{"_id":{"$oid":"5aa995e4b97194b732c1686b"},"edited":{"$date":"2014-12-20T21:36:42.204Z"},"classification":"mammal","name":"Skakoan","designation":"sentient","created":{"$date":"2014-12-20T17:53:54.515Z"},"eye_colors":"unknown","skin_colors":"grey, green","language":"Skakoan","hair_colors":"none","average_lifespan":"unknown","average_height":"unknown","key":33,"__v":1,"character_keys":[76],"homeworld_key":56,"homeworld":{"$oid":"5aa995d3b97194b732c16842"},"people":[]}
{"_id":{"$oid":"5aa995e4b97194b732c16870"},"edited":{"$date":"2014-12-20T21:36:42.199Z"},"classification":"reptilian","name":"Clawdite","designation":"sentient","created":{"$date":"2014-12-20T16:57:46.171Z"},"eye_colors":"yellow","skin_colors":"green, yellow","language":"Clawdite","hair_colors":"none","average_lifespan":"70","average_height":"180","key":30,"__v":1,"character_keys":[70],"homeworld_key":54,"homeworld":{"$oid":"5aa995d3b97194b732c16840"},"people":[]}
